step,sim_time_s,px_m,py_m,pz_m,qw,qx,qy,qz,vx_mps,vy_mps,vz_mps,wx_radps,wy_radps,wz_radps,local_x_m,local_y_m,local_z_m
1,0.066667,0.000000000,0.000000000,0.442750007,1.000000000,0.000000000,0.000000000,0.000000000,0.000000000,0.000000000,-0.654000044,0.000000000,0.000000000,0.000000000,0.000000000,0.000000000,0.242750007
2,0.083333,0.000000000,0.000000000,0.429125011,1.000000000,0.000000000,0.000000000,0.000000000,0.000000000,0.000000000,-0.817500055,0.000000000,0.000000000,0.000000000,0.000000000,0.000000000,0.229125011
3,0.100000,0.000000000,0.000000000,0.412775010,1.000000000,0.000000000,0.000000000,0.000000000,0.000000000,0.000000000,-0.981000066,0.000000000,0.000000000,0.000000000,0.000000000,0.000000000,0.212775010
4,0.116667,0.000000000,0.000000000,0.393700004,1.000000000,0.000000000,0.000000000,0.000000000,0.000000000,0.000000000,-1.144500017,0.000000000,0.000000000,0.000000000,0.000000000,0.000000000,0.193700004
5,0.133333,0.000000000,0.000000000,0.371899992,1.000000000,0.000000000,0.000000000,0.000000000,0.000000000,0.000000000,-1.308000088,0.000000000,0.000000000,0.000000000,0.000000000,0.000000000,0.171899992
6,0.150000,0.000000000,0.000000000,0.347374976,1.000000000,0.000000000,0.000000000,0.000000000,0.000000000,0.000000000,-1.471500158,0.000000000,0.000000000,0.000000000,0.000000000,0.000000000,0.147374976
7,0.166667,0.000000000,0.000000000,0.320124984,1.000000000,0.000000000,0.000000000,0.000000000,0.000000000,0.000000000,-1.635000229,0.000000000,0.000000000,0.000000000,0.000000000,0.000000000,0.120124984
8,0.183333,0.000000000,0.000000000,0.290149987,1.000000000,0.000000000,0.000000000,0.000000000,0.000000000,0.000000000,-1.798500299,0.000000000,0.000000000,0.000000000,0.000000000,0.000000000,0.090149987
9,0.200000,0.000000000,0.000000000,0.257449985,1.000000000,0.000000000,0.000000000,0.000000000,0.000000000,0.000000000,-1.962000370,0.000000000,0.000000000,0.000000000,0.000000000,0.000000000,0.057449985
10,0.216667,0.000000000,0.000000000,0.222024977,1.000000000,0.000000000,0.000000000,0.000000000,0.000000000,0.000000000,-2.125500441,0.000000000,0.000000000,0.000000000,0.000000000,0.000000000,0.022024977
11,0.233333,-0.000012939,-0.000018605,0.225000501,0.999999881,0.000166796,-0.000083137,0.000002771,-0.006476410,-0.006295167,-0.001162648,0.277364641,-0.240099549,-0.001985076,-0.000012939,-0.000018605,0.025000501
12,0.250000,-0.000003350,-0.000003946,0.224999756,0.999999940,0.000043497,-0.000032630,0.000000151,0.001032928,0.000570370,-0.000523905,0.006676712,0.017926769,0.000064115,-0.000003350,-0.000003946,0.024999756
13,0.266667,-0.000001004,-0.000001518,0.224999949,0.999999940,0.000015978,-0.000008593,0.000000243,0.000201167,0.000084868,-0.000219242,0.005364724,0.002914378,-0.000084594,-0.000001004,-0.000001518,0.024999949
14,0.283333,-0.000001136,-0.000001462,0.224999994,1.000000000,0.000015213,-0.000010501,0.000000169,0.000096902,-0.000064833,-0.000207033,0.008278959,0.000893554,-0.000023868,-0.000001136,-0.000001462,0.024999994
15,0.300000,-0.000001166,-0.000001500,0.224999994,1.000000000,0.000015327,-0.000010509,0.000000147,0.000105147,-0.000064517,-0.000212064,0.008447691,0.001052146,-0.000019350,-0.000001166,-0.000001500,0.024999994
16,0.316667,-0.000001165,-0.000001503,0.224999994,1.000000000,0.000015324,-0.000010681,0.000000173,0.000106598,-0.000062407,-0.000212340,0.008410509,0.001078895,-0.000020338,-0.000001165,-0.000001503,0.024999994
17,0.333333,-0.000001166,-0.000001501,0.224999994,0.999999940,0.000015553,-0.000010737,0.000000161,0.000106481,-0.000062349,-0.000212258,0.008406677,0.001076262,-0.000020462,-0.000001166,-0.000001501,0.024999994
18,0.350000,-0.000001164,-0.000001501,0.224999994,1.000000000,0.000015590,-0.000010741,0.000000168,0.000106617,-0.000062310,-0.000212315,0.008407356,0.001079328,-0.000020394,-0.000001164,-0.000001501,0.024999994
19,0.366667,-0.000001164,-0.000001501,0.224999994,1.000000000,0.000015420,-0.000010790,0.000000172,0.000106473,-0.000062405,-0.000212288,0.008408613,0.001076251,-0.000020443,-0.000001164,-0.000001501,0.024999994
20,0.383333,-0.000001164,-0.000001502,0.224999994,0.999999940,0.000015536,-0.000010695,0.000000163,0.000106545,-0.000062367,-0.000212282,0.008407920,0.001077821,-0.000020393,-0.000001164,-0.000001502,0.024999994
21,0.400000,-0.000001165,-0.000001502,0.224999994,1.000000000,0.000015547,-0.000010725,0.000000168,0.000106473,-0.000062404,-0.000212284,0.008408460,0.001076331,-0.000020434,-0.000001165,-0.000001502,0.024999994
22,0.416667,-0.000001166,-0.000001501,0.224999994,0.999999940,0.000015558,-0.000010746,0.000000172,0.000106445,-0.000062401,-0.000212280,0.008408286,0.001075486,-0.000020463,-0.000001166,-0.000001501,0.024999994
23,0.433333,-0.000001164,-0.000001501,0.224999994,1.000000000,0.000015595,-0.000010749,0.000000178,0.000106616,-0.000062312,-0.000212319,0.008407593,0.001079175,-0.000020398,-0.000001164,-0.000001501,0.024999994
24,0.450000,-0.000001164,-0.000001502,0.224999994,1.000000000,0.000015427,-0.000010795,0.000000159,0.000106470,-0.000062406,-0.000212291,0.008408708,0.001076129,-0.000020443,-0.000001164,-0.000001502,0.024999994
25,0.466667,-0.000001164,-0.000001503,0.224999994,1.000000000,0.000015360,-0.000010729,0.000000161,0.000106538,-0.000062389,-0.000212290,0.008408342,0.001077796,-0.000020376,-0.000001164,-0.000001503,0.024999994
26,0.483333,-0.000001164,-0.000001501,0.224999994,0.999999940,0.000015615,-0.000010755,0.000000161,0.000106533,-0.000062324,-0.000212269,0.008406765,0.001077194,-0.000020442,-0.000001164,-0.000001501,0.024999994
27,0.500000,-0.000001164,-0.000001501,0.224999994,1.000000000,0.000015631,-0.000010774,0.000000167,0.000106522,-0.000062361,-0.000212297,0.008408195,0.001077109,-0.000020442,-0.000001164,-0.000001501,0.024999994
28,0.516667,-0.000001164,-0.000001501,0.224999994,1.000000000,0.000015316,-0.000010703,0.000000172,0.000106468,-0.000062411,-0.000212295,0.008408974,0.001076023,-0.000020436,-0.000001164,-0.000001501,0.024999994
29,0.533333,-0.000001165,-0.000001501,0.224999994,0.999999940,0.000015573,-0.000010734,0.000000149,0.000106515,-0.000062379,-0.000212269,0.008407431,0.001077235,-0.000020392,-0.000001165,-0.000001501,0.024999994
30,0.550000,-0.000001164,-0.000001501,0.224999994,1.000000000,0.000015587,-0.000010757,0.000000178,0.000106526,-0.000062359,-0.000212302,0.008407939,0.001077378,-0.000020441,-0.000001164,-0.000001501,0.024999994
31,0.566667,-0.000001165,-0.000001501,0.224999994,1.000000000,0.000015419,-0.000010803,0.000000159,0.000106473,-0.000062408,-0.000212292,0.008408764,0.001076318,-0.000020437,-0.000001165,-0.000001501,0.024999994
32,0.583333,-0.000001165,-0.000001503,0.224999994,1.000000000,0.000015352,-0.000010733,0.000000171,0.000106491,-0.000062417,-0.000212278,0.008408556,0.001076810,-0.000020391,-0.000001165,-0.000001503,0.024999994
33,0.600000,-0.000001164,-0.000001501,0.224999994,0.999999940,0.000015608,-0.000010765,0.000000173,0.000106620,-0.000062280,-0.000212289,0.008406289,0.001079218,-0.000020410,-0.000001164,-0.000001501,0.024999994
34,0.616667,-0.000001164,-0.000001501,0.224999994,1.000000000,0.000015624,-0.000010785,0.000000179,0.000106520,-0.000062356,-0.000212298,0.008407824,0.001077363,-0.000020448,-0.000001164,-0.000001501,0.024999994
35,0.633333,-0.000001164,-0.000001501,0.224999994,1.000000000,0.000015309,-0.000010713,0.000000184,0.000106469,-0.000062412,-0.000212295,0.008409056,0.001076117,-0.000020442,-0.000001164,-0.000001501,0.024999994
36,0.650000,-0.000001164,-0.000001501,0.224999994,0.999999940,0.000015565,-0.000010744,0.000000161,0.000106518,-0.000062379,-0.000212271,0.008407691,0.001077282,-0.000020396,-0.000001164,-0.000001501,0.024999994
37,0.666667,-0.000001165,-0.000001500,0.224999994,1.000000000,0.000015577,-0.000010764,0.000000166,0.000106494,-0.000062355,-0.000212290,0.008407723,0.001076523,-0.000020475,-0.000001165,-0.000001500,0.024999994
38,0.683333,-0.000001165,-0.000001502,0.224999994,1.000000000,0.000015434,-0.000010785,0.000000170,0.000106455,-0.000062461,-0.000212290,0.008409779,0.001076128,-0.000020397,-0.000001165,-0.000001502,0.024999994
39,0.700000,-0.000001164,-0.000001503,0.224999994,0.999999940,0.000015531,-0.000010719,0.000000174,0.000106588,-0.000062342,-0.000212299,0.008407594,0.001078987,-0.000020384,-0.000001164,-0.000001503,0.024999994
40,0.716667,-0.000001163,-0.000001500,0.224999994,1.000000000,0.000015561,-0.000010722,0.000000168,0.000106590,-0.000062279,-0.000212302,0.008406484,0.001078489,-0.000020460,-0.000001163,-0.000001500,0.024999994
41,0.733333,-0.000001166,-0.000001503,0.224999994,1.000000000,0.000015392,-0.000010769,0.000000170,0.000106314,-0.000062553,-0.000212257,0.008410593,0.001073199,-0.000020426,-0.000001166,-0.000001503,0.024999994
42,0.750000,-0.000001165,-0.000001502,0.224999994,0.999999940,0.000015653,-0.000010792,0.000000172,0.000106622,-0.000062286,-0.000212301,0.008406574,0.001079213,-0.000020404,-0.000001165,-0.000001502,0.024999994
43,0.766667,-0.000001163,-0.000001501,0.224999994,1.000000000,0.000015524,-0.000010694,0.000000168,0.000106559,-0.000062337,-0.000212313,0.008407950,0.001077960,-0.000020435,-0.000001163,-0.000001501,0.024999994
44,0.783333,-0.000001164,-0.000001502,0.224999994,0.999999940,0.000015536,-0.000010723,0.000000173,0.000106478,-0.000062402,-0.000212288,0.008408291,0.001076471,-0.000020430,-0.000001164,-0.000001502,0.024999994
45,0.800000,-0.000001163,-0.000001501,0.224999994,1.000000000,0.000015569,-0.000010725,0.000000155,0.000106535,-0.000062353,-0.000212296,0.008407938,0.001077402,-0.000020429,-0.000001163,-0.000001501,0.024999994
46,0.816667,-0.000001164,-0.000001502,0.224999994,1.000000000,0.000015399,-0.000010774,0.000000159,0.000106474,-0.000062406,-0.000212290,0.008408814,0.001076143,-0.000020442,-0.000001164,-0.000001502,0.024999994
47,0.833333,-0.000001164,-0.000001502,0.224999994,0.999999940,0.000015512,-0.000010681,0.000000161,0.000106509,-0.000062384,-0.000212278,0.008407927,0.001077078,-0.000020407,-0.000001164,-0.000001502,0.024999994
48,0.850000,-0.000001164,-0.000001501,0.224999994,1.000000000,0.000015521,-0.000010715,0.000000166,0.000106532,-0.000062355,-0.000212291,0.008407849,0.001077381,-0.000020430,-0.000001164,-0.000001501,0.024999994
49,0.866667,-0.000001165,-0.000001503,0.224999994,1.000000000,0.000015369,-0.000010745,0.000000168,0.000106431,-0.000062449,-0.000212274,0.008409024,0.001075499,-0.000020426,-0.000001165,-0.000001503,0.024999994
50,0.883333,-0.000001163,-0.000001501,0.224999994,0.999999940,0.000015629,-0.000010775,0.000000159,0.000106659,-0.000062264,-0.000212300,0.008406313,0.001080065,-0.000020389,-0.000001163,-0.000001501,0.024999994
51,0.900000,-0.000001163,-0.000001501,0.224999994,1.000000000,0.000015496,-0.000010675,0.000000177,0.000106479,-0.000062378,-0.000212295,0.008408236,0.001076132,-0.000020467,-0.000001163,-0.000001501,0.024999994
52,0.916667,-0.000001164,-0.000001501,0.224999994,0.999999940,0.000015506,-0.000010708,0.000000158,0.000106483,-0.000062402,-0.000212288,0.008408365,0.001076678,-0.000020427,-0.000001164,-0.000001501,0.024999994
53,0.933333,-0.000001164,-0.000001501,0.224999994,1.000000000,0.000015537,-0.000010714,0.000000163,0.000106535,-0.000062353,-0.000212296,0.008407695,0.001077505,-0.000020429,-0.000001164,-0.000001501,0.024999994
54,0.950000,-0.000001165,-0.000001500,0.224999994,0.999999940,0.000015548,-0.000010736,0.000000167,0.000106445,-0.000062402,-0.000212278,0.008408532,0.001075391,-0.000020464,-0.000001165,-0.000001500,0.024999994
55,0.966667,-0.000001164,-0.000001502,0.224999994,0.999999940,0.000015402,-0.000010767,0.000000160,0.000106508,-0.000062431,-0.000212298,0.008409381,0.001077299,-0.000020371,-0.000001164,-0.000001502,0.024999994
56,0.983333,-0.000001164,-0.000001502,0.224999994,1.000000000,0.000015494,-0.000010701,0.000000163,0.000106553,-0.000062337,-0.000212285,0.008407403,0.001077786,-0.000020419,-0.000001164,-0.000001502,0.024999994
57,1.000000,-0.000001164,-0.000001501,0.224999994,0.999999940,0.000015525,-0.000010707,0.000000167,0.000106537,-0.000062350,-0.000212291,0.008407634,0.001077520,-0.000020428,-0.000001164,-0.000001501,0.024999994
58,1.016667,-0.000001163,-0.000001501,0.224999994,1.000000000,0.000015556,-0.000010713,0.000000172,0.000106533,-0.000062350,-0.000212295,0.008407561,0.001077604,-0.000020431,-0.000001163,-0.000001501,0.024999994
59,1.033333,-0.000001165,-0.000001501,0.224999994,1.000000000,0.000015383,-0.000010760,0.000000151,0.000106391,-0.000062452,-0.000212271,0.008408925,0.001074444,-0.000020459,-0.000001165,-0.000001501,0.024999994
60,1.050000,-0.000001164,-0.000001502,0.224999994,0.999999940,0.000015647,-0.000010789,0.000000165,0.000106583,-0.000062370,-0.000212288,0.008408209,0.001078588,-0.000020342,-0.000001164,-0.000001502,0.024999994
61,1.066667,-0.000001164,-0.000001500,0.224999994,1.000000000,0.000015514,-0.000010687,0.000000172,0.000106536,-0.000062308,-0.000212308,0.008407200,0.001077223,-0.000020491,-0.000001164,-0.000001500,0.024999994
62,1.083333,-0.000001164,-0.000001501,0.224999994,1.000000000,0.000015342,-0.000010744,0.000000164,0.000106463,-0.000062436,-0.000212286,0.008408973,0.001076338,-0.000020408,-0.000001164,-0.000001501,0.024999994
63,1.100000,-0.000001165,-0.000001502,0.224999994,0.999999940,0.000015601,-0.000010772,0.000000165,0.000106512,-0.000062381,-0.000212270,0.008407764,0.001077116,-0.000020400,-0.000001165,-0.000001502,0.024999994
64,1.116667,-0.000001164,-0.000001501,0.224999994,1.000000000,0.000015618,-0.000010791,0.000000170,0.000106522,-0.000062361,-0.000212304,0.008408138,0.001077260,-0.000020442,-0.000001164,-0.000001501,0.024999994
65,1.133333,-0.000001165,-0.000001502,0.224999994,1.000000000,0.000015303,-0.000010719,0.000000175,0.000106468,-0.000062411,-0.000212295,0.008408834,0.001076154,-0.000020436,-0.000001165,-0.000001502,0.024999994
66,1.150000,-0.000001164,-0.000001502,0.224999994,0.999999940,0.000015581,-0.000010728,0.000000165,0.000106569,-0.000062345,-0.000212276,0.008407095,0.001078332,-0.000020375,-0.000001164,-0.000001502,0.024999994
67,1.166667,-0.000001163,-0.000001502,0.224999994,0.999999940,0.000015413,-0.000010782,0.000000170,0.000106554,-0.000062364,-0.000212305,0.008408488,0.001077848,-0.000020410,-0.000001163,-0.000001502,0.024999994
68,1.183333,-0.000001163,-0.000001500,0.224999994,1.000000000,0.000015522,-0.000010683,0.000000160,0.000106538,-0.000062301,-0.000212279,0.008406059,0.001077427,-0.000020462,-0.000001163,-0.000001500,0.024999994
69,1.200000,-0.000001164,-0.000001502,0.224999994,1.000000000,0.000015352,-0.000010742,0.000000164,0.000106459,-0.000062457,-0.000212282,0.008409509,0.001076143,-0.000020390,-0.000001164,-0.000001502,0.024999994
70,1.216667,-0.000001164,-0.000001502,0.224999994,0.999999940,0.000015611,-0.000010769,0.000000165,0.000106514,-0.000062380,-0.000212270,0.008407819,0.001076955,-0.000020403,-0.000001164,-0.000001502,0.024999994
71,1.233333,-0.000001163,-0.000001499,0.224999994,1.000000000,0.000015624,-0.000010785,0.000000171,0.000106597,-0.000062259,-0.000212316,0.008406454,0.001078403,-0.000020485,-0.000001163,-0.000001499,0.024999994
72,1.250000,-0.000001165,-0.000001501,0.224999994,1.000000000,0.000015311,-0.000010710,0.000000174,0.000106360,-0.000062510,-0.000212272,0.008410279,0.001074115,-0.000020435,-0.000001165,-0.000001501,0.024999994
73,1.266667,-0.000001164,-0.000001502,0.224999994,0.999999940,0.000015570,-0.000010746,0.000000153,0.000106606,-0.000062336,-0.000212288,0.008407370,0.001079107,-0.000020352,-0.000001164,-0.000001502,0.024999994
74,1.283333,-0.000001164,-0.000001501,0.224999994,1.000000000,0.000015583,-0.000010767,0.000000170,0.000106485,-0.000062374,-0.000212291,0.008407879,0.001076558,-0.000020463,-0.000001164,-0.000001501,0.024999994
75,1.300000,-0.000001165,-0.000001501,0.224999994,1.000000000,0.000015436,-0.000010786,0.000000173,0.000106477,-0.000062408,-0.000212288,0.008408722,0.001076359,-0.000020428,-0.000001165,-0.000001501,0.024999994
76,1.316667,-0.000001165,-0.000001502,0.224999994,0.999999940,0.000015530,-0.000010714,0.000000176,0.000106502,-0.000062388,-0.000212280,0.008408098,0.001076779,-0.000020414,-0.000001165,-0.000001502,0.024999994
77,1.333333,-0.000001162,-0.000001501,0.224999994,1.000000000,0.000015566,-0.000010724,0.000000172,0.000106656,-0.000062287,-0.000212319,0.008407410,0.001079941,-0.000020386,-0.000001162,-0.000001501,0.024999994
78,1.350000,-0.000001165,-0.000001502,0.224999994,0.999999940,0.000015580,-0.000010741,0.000000175,0.000106386,-0.000062450,-0.000212268,0.008408947,0.001074410,-0.000020474,-0.000001165,-0.000001502,0.024999994
79,1.366667,-0.000001164,-0.000001501,0.224999994,1.000000000,0.000015595,-0.000010763,0.000000158,0.000106530,-0.000062364,-0.000212304,0.008408309,0.001077391,-0.000020433,-0.000001164,-0.000001501,0.024999994
80,1.383333,-0.000001165,-0.000001502,0.224999994,1.000000000,0.000015426,-0.000010806,0.000000172,0.000106434,-0.000062426,-0.000212284,0.008408972,0.001075445,-0.000020463,-0.000001165,-0.000001502,0.024999994
81,1.400000,-0.000001164,-0.000001503,0.224999994,1.000000000,0.000015360,-0.000010742,0.000000163,0.000106588,-0.000062362,-0.000212296,0.008407922,0.001078910,-0.000020351,-0.000001164,-0.000001503,0.024999994
82,1.416667,-0.000001164,-0.000001500,0.224999994,0.999999940,0.000015615,-0.000010767,0.000000165,0.000106585,-0.000062275,-0.000212283,0.008405618,0.001078560,-0.000020443,-0.000001164,-0.000001500,0.024999994
83,1.433333,-0.000001162,-0.000001501,0.224999994,0.999999940,0.000015301,-0.000010701,0.000000171,0.000106549,-0.000062366,-0.000212308,0.008408517,0.001077701,-0.000020411,-0.000001162,-0.000001501,0.024999994
84,1.450000,-0.000001165,-0.000001500,0.224999994,1.000000000,0.000015552,-0.000010730,0.000000158,0.000106434,-0.000062400,-0.000212247,0.008407423,0.001075261,-0.000020446,-0.000001165,-0.000001500,0.024999994
85,1.466667,-0.000001166,-0.000001502,0.224999994,1.000000000,0.000015384,-0.000010781,0.000000173,0.000106421,-0.000062480,-0.000212280,0.008409786,0.001075552,-0.000020411,-0.000001166,-0.000001502,0.024999994
86,1.483333,-0.000001165,-0.000001501,0.224999994,0.999999940,0.000015495,-0.000010692,0.000000176,0.000106616,-0.000062284,-0.000212301,0.008406484,0.001079045,-0.000020406,-0.000001165,-0.000001501,0.024999994
87,1.500000,-0.000001164,-0.000001501,0.224999994,1.000000000,0.000015526,-0.000010703,0.000000169,0.000106527,-0.000062368,-0.000212290,0.008407885,0.001077470,-0.000020413,-0.000001164,-0.000001501,0.024999994
88,1.516667,-0.000001165,-0.000001501,0.224999994,0.999999940,0.000015537,-0.000010732,0.000000174,0.000106479,-0.000062401,-0.000212283,0.008408584,0.001076306,-0.000020435,-0.000001165,-0.000001501,0.024999994
89,1.533333,-0.000001164,-0.000001501,0.224999994,1.000000000,0.000015571,-0.000010734,0.000000156,0.000106533,-0.000062355,-0.000212301,0.008407850,0.001077511,-0.000020423,-0.000001164,-0.000001501,0.024999994
90,1.550000,-0.000001165,-0.000001501,0.224999994,1.000000000,0.000015401,-0.000010783,0.000000159,0.000106473,-0.000062408,-0.000212295,0.008408708,0.001076254,-0.000020435,-0.000001165,-0.000001501,0.024999994
91,1.566667,-0.000001165,-0.000001502,0.224999994,0.999999940,0.000015514,-0.000010689,0.000000161,0.000106509,-0.000062385,-0.000212274,0.008407907,0.001076972,-0.000020405,-0.000001165,-0.000001502,0.024999994
92,1.583333,-0.000001166,-0.000001500,0.224999994,1.000000000,0.000015522,-0.000010717,0.000000166,0.000106498,-0.000062352,-0.000212290,0.008407416,0.001076801,-0.000020471,-0.000001166,-0.000001500,0.024999994
93,1.600000,-0.000001165,-0.000001503,0.224999994,1.000000000,0.000015376,-0.000010753,0.000000170,0.000106496,-0.000062458,-0.000212292,0.008409663,0.001077249,-0.000020347,-0.000001165,-0.000001503,0.024999994
94,1.616667,-0.000001165,-0.000001503,0.224999994,0.999999940,0.000015634,-0.000010776,0.000000159,0.000106525,-0.000062350,-0.000212276,0.008407151,0.001077371,-0.000020427,-0.000001165,-0.000001503,0.024999994
95,1.633333,-0.000001162,-0.000001501,0.224999994,1.000000000,0.000015653,-0.000010800,0.000000168,0.000106660,-0.000062266,-0.000212331,0.008406935,0.001080039,-0.000020409,-0.000001162,-0.000001501,0.024999994
96,1.650000,-0.000001165,-0.000001503,0.224999994,1.000000000,0.000015340,-0.000010720,0.000000160,0.000106371,-0.000062479,-0.000212275,0.008409719,0.001074149,-0.000020463,-0.000001165,-0.000001503,0.024999994
97,1.666667,-0.000001165,-0.000001501,0.224999994,0.999999940,0.000015595,-0.000010745,0.000000160,0.000106540,-0.000062329,-0.000212277,0.008406638,0.001077532,-0.000020430,-0.000001165,-0.000001501,0.024999994
98,1.683333,-0.000001165,-0.000001501,0.224999994,1.000000000,0.000015611,-0.000010765,0.000000166,0.000106520,-0.000062362,-0.000212298,0.008408276,0.001077058,-0.000020446,-0.000001165,-0.000001501,0.024999994
99,1.700000,-0.000001166,-0.000001502,0.224999994,1.000000000,0.000015444,-0.000010808,0.000000169,0.000106419,-0.000062460,-0.000212285,0.008409443,0.001075266,-0.000020433,-0.000001166,-0.000001502,0.024999994
100,1.716667,-0.000001165,-0.000001501,0.224999994,0.999999940,0.000015540,-0.000010737,0.000000162,0.000106601,-0.000062315,-0.000212298,0.008407270,0.001078935,-0.000020401,-0.000001165,-0.000001501,0.024999994
101,1.733333,-0.000001165,-0.000001502,0.224999994,1.000000000,0.000015575,-0.000010737,0.000000166,0.000106477,-0.000062402,-0.000212283,0.008408575,0.001076180,-0.000020432,-0.000001165,-0.000001502,0.024999994
102,1.750000,-0.000001166,-0.000001502,0.224999994,1.000000000,0.000015405,-0.000010786,0.000000170,0.000106475,-0.000062408,-0.000212291,0.008409032,0.001075937,-0.000020432,-0.000001166,-0.000001502,0.024999994
103,1.766667,-0.000001164,-0.000001502,0.224999994,0.999999940,0.000015520,-0.000010698,0.000000174,0.000106595,-0.000062337,-0.000212295,0.008407490,0.001078848,-0.000020371,-0.000001164,-0.000001502,0.024999994
104,1.783333,-0.000001164,-0.000001499,0.224999994,1.000000000,0.000015524,-0.000010727,0.000000167,0.000106565,-0.000062267,-0.000212297,0.008405903,0.001077957,-0.000020494,-0.000001164,-0.000001499,0.024999994
105,1.800000,-0.000001164,-0.000001501,0.224999994,1.000000000,0.000015377,-0.000010757,0.000000170,0.000106460,-0.000062455,-0.000212281,0.008409436,0.001076272,-0.000020389,-0.000001164,-0.000001501,0.024999994
106,1.816667,-0.000001164,-0.000001502,0.224999994,0.999999940,0.000015640,-0.000010781,0.000000160,0.000106505,-0.000062405,-0.000212275,0.008408355,0.001077062,-0.000020385,-0.000001164,-0.000001502,0.024999994
107,1.833333,-0.000001165,-0.000001501,0.224999994,1.000000000,0.000015506,-0.000010680,0.000000166,0.000106488,-0.000062359,-0.000212294,0.008408068,0.001076208,-0.000020482,-0.000001165,-0.000001501,0.024999994
108,1.850000,-0.000001167,-0.000001501,0.224999994,0.999999940,0.000015515,-0.000010710,0.000000158,0.000106436,-0.000062427,-0.000212274,0.008408612,0.001075359,-0.000020437,-0.000001167,-0.000001501,0.024999994
109,1.866667,-0.000001164,-0.000001501,0.224999994,1.000000000,0.000015548,-0.000010721,0.000000164,0.000106621,-0.000062307,-0.000212316,0.008407409,0.001079370,-0.000020397,-0.000001164,-0.000001501,0.024999994
110,1.883333,-0.000001166,-0.000001500,0.224999994,0.999999940,0.000015559,-0.000010743,0.000000168,0.000106444,-0.000062396,-0.000212279,0.008408170,0.001075571,-0.000020475,-0.000001166,-0.000001500,0.024999994
111,1.900000,-0.000001163,-0.000001502,0.224999994,0.999999940,0.000015415,-0.000010775,0.000000174,0.000106595,-0.000062366,-0.000212317,0.008408624,0.001079036,-0.000020361,-0.000001163,-0.000001502,0.024999994
112,1.916667,-0.000001164,-0.000001501,0.224999994,1.000000000,0.000015505,-0.000010707,0.000000164,0.000106513,-0.000062355,-0.000212279,0.008407146,0.001077186,-0.000020438,-0.000001164,-0.000001501,0.024999994
113,1.933333,-0.000001163,-0.000001501,0.224999994,0.999999940,0.000015536,-0.000010713,0.000000169,0.000106537,-0.000062351,-0.000212294,0.008407678,0.001077630,-0.000020431,-0.000001163,-0.000001501,0.024999994
114,1.950000,-0.000001163,-0.000001500,0.224999994,1.000000000,0.000015548,-0.000010741,0.000000175,0.000106525,-0.000062356,-0.000212297,0.008407827,0.001077398,-0.000020442,-0.000001163,-0.000001500,0.024999994
115,1.966667,-0.000001164,-0.000001502,0.224999994,1.000000000,0.000015403,-0.000010763,0.000000166,0.000106410,-0.000062484,-0.000212274,0.008409895,0.001075104,-0.000020405,-0.000001164,-0.000001502,0.024999994
116,1.983333,-0.000001166,-0.000001500,0.224999994,0.999999940,0.000015488,-0.000010689,0.000000167,0.000106496,-0.000062330,-0.000212274,0.008406739,0.001076249,-0.000020477,-0.000001166,-0.000001500,0.024999994
117,2.000000,-0.000001163,-0.000001502,0.224999994,0.999999940,0.000015340,-0.000010734,0.000000161,0.000106597,-0.000062380,-0.000212304,0.008408690,0.001079127,-0.000020332,-0.000001163,-0.000001502,0.024999994
118,2.016667,-0.000001164,-0.000001501,0.224999994,1.000000000,0.000015597,-0.000010761,0.000000173,0.000106520,-0.000062346,-0.000212270,0.008406829,0.001077211,-0.000020423,-0.000001164,-0.000001501,0.024999994
119,2.033333,-0.000001164,-0.000001502,0.224999994,1.000000000,0.000015429,-0.000010807,0.000000154,0.000106472,-0.000062409,-0.000212295,0.008408850,0.001076184,-0.000020437,-0.000001164,-0.000001502,0.024999994
120,2.050000,-0.000001165,-0.000001503,0.224999994,1.000000000,0.000015361,-0.000010737,0.000000166,0.000106489,-0.000062418,-0.000212276,0.008408464,0.001076664,-0.000020382,-0.000001165,-0.000001503,0.024999994
121,2.066667,-0.000001165,-0.000001502,0.224999994,0.999999940,0.000015616,-0.000010763,0.000000167,0.000106537,-0.000062325,-0.000212270,0.008406508,0.001077441,-0.000020435,-0.000001165,-0.000001502,0.024999994
122,2.083333,-0.000001163,-0.000001501,0.224999994,1.000000000,0.000015634,-0.000010788,0.000000174,0.000106609,-0.000062314,-0.000212321,0.008407690,0.001079165,-0.000020410,-0.000001163,-0.000001501,0.024999994
123,2.100000,-0.000001165,-0.000001502,0.224999994,1.000000000,0.000015317,-0.000010711,0.000000177,0.000106382,-0.000062455,-0.000212275,0.008409072,0.001074451,-0.000020475,-0.000001165,-0.000001502,0.024999994
124,2.116667,-0.000001164,-0.000001502,0.224999994,0.999999940,0.000015575,-0.000010747,0.000000156,0.000106606,-0.000062334,-0.000212289,0.008407313,0.001079245,-0.000020357,-0.000001164,-0.000001502,0.024999994
125,2.133333,-0.000001165,-0.000001501,0.224999994,1.000000000,0.000015589,-0.000010769,0.000000173,0.000106484,-0.000062377,-0.000212294,0.008408041,0.001076554,-0.000020466,-0.000001165,-0.000001501,0.024999994
126,2.150000,-0.000001166,-0.000001501,0.224999994,0.999999940,0.000015603,-0.000010783,0.000000177,0.000106442,-0.000062405,-0.000212285,0.008408487,0.001075542,-0.000020470,-0.000001166,-0.000001501,0.024999994
127,2.166667,-0.000001164,-0.000001499,0.224999994,1.000000000,0.000015621,-0.000010803,0.000000173,0.000106621,-0.000062288,-0.000212324,0.008407321,0.001079224,-0.000020421,-0.000001164,-0.000001499,0.024999994
128,2.183333,-0.000001164,-0.000001502,0.224999994,1.000000000,0.000015333,-0.000010708,0.000000167,0.000106443,-0.000062481,-0.000212289,0.008410019,0.001075994,-0.000020382,-0.000001164,-0.000001502,0.024999994
129,2.200000,-0.000001164,-0.000001502,0.224999994,0.999999940,0.000015588,-0.000010739,0.000000155,0.000106534,-0.000062345,-0.000212270,0.008407137,0.001077359,-0.000020414,-0.000001164,-0.000001502,0.024999994
130,2.216667,-0.000001165,-0.000001502,0.224999994,0.999999940,0.000015418,-0.000010788,0.000000159,0.000106472,-0.000062409,-0.000212290,0.008408765,0.001076259,-0.000020435,-0.000001165,-0.000001502,0.024999994
131,2.233333,-0.000001165,-0.000001502,0.224999994,1.000000000,0.000015532,-0.000010692,0.000000162,0.000106556,-0.000062337,-0.000212288,0.008407186,0.001077909,-0.000020410,-0.000001165,-0.000001502,0.024999994
132,2.250000,-0.000001165,-0.000001502,0.224999994,0.999999940,0.000015544,-0.000010722,0.000000167,0.000106479,-0.000062401,-0.000212287,0.008408512,0.001076416,-0.000020439,-0.000001165,-0.000001502,0.024999994
133,2.266667,-0.000001165,-0.000001501,0.224999994,1.000000000,0.000015556,-0.000010748,0.000000172,0.000106530,-0.000062356,-0.000212298,0.008407889,0.001077297,-0.000020434,-0.000001165,-0.000001501,0.024999994
134,2.283333,-0.000001165,-0.000001502,0.224999994,0.999999940,0.000015593,-0.000010745,0.000000153,0.000106481,-0.000062401,-0.000212288,0.008408424,0.001076502,-0.000020427,-0.000001165,-0.000001502,0.024999994
135,2.300000,-0.000001165,-0.000001501,0.224999994,1.000000000,0.000015609,-0.000010764,0.000000159,0.000106522,-0.000062363,-0.000212303,0.008408293,0.001077139,-0.000020442,-0.000001165,-0.000001501,0.024999994
136,2.316667,-0.000001166,-0.000001503,0.224999994,1.000000000,0.000015443,-0.000010807,0.000000163,0.000106420,-0.000062460,-0.000212285,0.008409477,0.001075290,-0.000020440,-0.000001166,-0.000001503,0.024999994
137,2.333333,-0.000001166,-0.000001500,0.224999994,0.999999940,0.000015534,-0.000010731,0.000000166,0.000106578,-0.000062288,-0.000212294,0.008406463,0.001078106,-0.000020453,-0.000001166,-0.000001500,0.024999994
138,2.350000,-0.000001163,-0.000001503,0.224999994,0.999999940,0.000015390,-0.000010769,0.000000160,0.000106587,-0.000062383,-0.000212311,0.008408913,0.001079012,-0.000020351,-0.000001163,-0.000001503,0.024999994
139,2.366667,-0.000001164,-0.000001500,0.224999994,1.000000000,0.000015497,-0.000010674,0.000000173,0.000106539,-0.000062296,-0.000212277,0.008406101,0.001077265,-0.000020467,-0.000001164,-0.000001500,0.024999994
140,2.383333,-0.000001165,-0.000001501,0.224999994,1.000000000,0.000015322,-0.000010733,0.000000175,0.000106429,-0.000062451,-0.000212273,0.008409088,0.001075614,-0.000020424,-0.000001165,-0.000001501,0.024999994
141,2.400000,-0.000001166,-0.000001501,0.224999994,0.999999940,0.000015579,-0.000010759,0.000000164,0.000106520,-0.000062359,-0.000212274,0.008407190,0.001077272,-0.000020413,-0.000001166,-0.000001501,0.024999994
142,2.416667,-0.000001162,-0.000001501,0.224999994,0.999999940,0.000015435,-0.000010790,0.000000171,0.000106644,-0.000062316,-0.000212325,0.008408029,0.001079767,-0.000020371,-0.000001162,-0.000001501,0.024999994
143,2.433333,-0.000001164,-0.000001501,0.224999994,1.000000000,0.000015527,-0.000010715,0.000000149,0.000106462,-0.000062385,-0.000212268,0.008407598,0.001075845,-0.000020451,-0.000001164,-0.000001501,0.024999994
144,2.450000,-0.000001164,-0.000001501,0.224999994,0.999999940,0.000015562,-0.000010717,0.000000166,0.000106522,-0.000062383,-0.000212297,0.008408357,0.001077353,-0.000020410,-0.000001164,-0.000001501,0.024999994
145,2.466667,-0.000001163,-0.000001501,0.224999994,1.000000000,0.000015575,-0.000010744,0.000000171,0.000106526,-0.000062358,-0.000212297,0.008407978,0.001077069,-0.000020434,-0.000001163,-0.000001501,0.024999994
146,2.483333,-0.000001165,-0.000001501,0.224999994,1.000000000,0.000015403,-0.000010788,0.000000174,0.000106389,-0.000062454,-0.000212276,0.008409153,0.001074619,-0.000020475,-0.000001165,-0.000001501,0.024999994
147,2.500000,-0.000001164,-0.000001502,0.224999994,1.000000000,0.000015335,-0.000010728,0.000000164,0.000106582,-0.000062370,-0.000212294,0.008408122,0.001078814,-0.000020352,-0.000001164,-0.000001502,0.024999994
148,2.516667,-0.000001165,-0.000001501,0.224999994,0.999999940,0.000015590,-0.000010754,0.000000165,0.000106533,-0.000062324,-0.000212271,0.008406689,0.001077263,-0.000020444,-0.000001165,-0.000001501,0.024999994
149,2.533333,-0.000001164,-0.000001500,0.224999994,1.000000000,0.000015606,-0.000010774,0.000000170,0.000106521,-0.000062361,-0.000212302,0.008408006,0.001077220,-0.000020441,-0.000001164,-0.000001500,0.024999994
150,2.550000,-0.000001165,-0.000001502,0.224999994,1.000000000,0.000015293,-0.000010702,0.000000164,0.000106453,-0.000062444,-0.000212292,0.008409480,0.001076009,-0.000020420,-0.000001165,-0.000001502,0.024999994
151,2.566667,-0.000001165,-0.000001502,0.224999994,0.999999940,0.000015548,-0.000010737,0.000000164,0.000106519,-0.000062377,-0.000212264,0.008407653,0.001077132,-0.000020390,-0.000001165,-0.000001502,0.024999994
152,2.583333,-0.000001163,-0.000001502,0.224999994,1.000000000,0.000015585,-0.000010746,0.000000160,0.000106612,-0.000062331,-0.000212314,0.008407994,0.001079209,-0.000020382,-0.000001163,-0.000001502,0.024999994
153,2.600000,-0.000001165,-0.000001501,0.224999994,0.999999940,0.000015594,-0.000010761,0.000000163,0.000106409,-0.000062397,-0.000212270,0.008407966,0.001074745,-0.000020508,-0.000001165,-0.000001501,0.024999994
154,2.616667,-0.000001163,-0.000001501,0.224999994,1.000000000,0.000015613,-0.000010785,0.000000170,0.000106611,-0.000062318,-0.000212323,0.008407886,0.001078970,-0.000020398,-0.000001163,-0.000001501,0.024999994
155,2.633333,-0.000001165,-0.000001501,0.224999994,1.000000000,0.000015296,-0.000010708,0.000000173,0.000106381,-0.000062453,-0.000212271,0.008409292,0.001073993,-0.000020475,-0.000001165,-0.000001501,0.024999994
156,2.650000,-0.000001165,-0.000001501,0.224999994,0.999999940,0.000015551,-0.000010746,0.000000163,0.000106569,-0.000062352,-0.000212279,0.008407277,0.001078363,-0.000020368,-0.000001165,-0.000001501,0.024999994
157,2.666667,-0.000001164,-0.000001501,0.224999994,1.000000000,0.000015586,-0.000010744,0.000000168,0.000106527,-0.000062354,-0.000212294,0.008407906,0.001077187,-0.000020434,-0.000001164,-0.000001501,0.024999994
158,2.683333,-0.000001165,-0.000001501,0.224999994,1.000000000,0.000015417,-0.000010793,0.000000172,0.000106473,-0.000062408,-0.000212288,0.008408849,0.001076058,-0.000020435,-0.000001165,-0.000001501,0.024999994
159,2.700000,-0.000001164,-0.000001501,0.224999994,0.999999940,0.000015533,-0.000010698,0.000000163,0.000106543,-0.000062368,-0.000212284,0.008407922,0.001077763,-0.000020391,-0.000001164,-0.000001501,0.024999994
160,2.716667,-0.000001165,-0.000001502,0.224999994,0.999999940,0.000015359,-0.000010755,0.000000167,0.000106474,-0.000062405,-0.000212287,0.008408538,0.001076340,-0.000020434,-0.000001165,-0.000001502,0.024999994
161,2.733333,-0.000001165,-0.000001501,0.224999994,1.000000000,0.000015619,-0.000010780,0.000000168,0.000106562,-0.000062333,-0.000212282,0.008407072,0.001078111,-0.000020404,-0.000001165,-0.000001501,0.024999994
162,2.750000,-0.000001165,-0.000001502,0.224999994,1.000000000,0.000015304,-0.000010709,0.000000173,0.000106469,-0.000062411,-0.000212291,0.008408824,0.001076205,-0.000020442,-0.000001165,-0.000001502,0.024999994
163,2.766667,-0.000001165,-0.000001501,0.224999994,0.999999940,0.000015558,-0.000010739,0.000000162,0.000106533,-0.000062345,-0.000212269,0.008406778,0.001077512,-0.000020410,-0.000001165,-0.000001501,0.024999994
164,2.783333,-0.000001163,-0.000001500,0.224999994,1.000000000,0.000015595,-0.000010743,0.000000169,0.000106616,-0.000062308,-0.000212314,0.008407447,0.001079213,-0.000020401,-0.000001163,-0.000001500,0.024999994
165,2.800000,-0.000001165,-0.000001501,0.224999994,1.000000000,0.000015426,-0.000010786,0.000000160,0.000106421,-0.000062433,-0.000212279,0.008408949,0.001074978,-0.000020455,-0.000001165,-0.000001501,0.024999994
166,2.816667,-0.000001165,-0.000001501,0.224999994,0.999999940,0.000015521,-0.000010713,0.000000163,0.000106503,-0.000062390,-0.000212280,0.008408317,0.001076766,-0.000020410,-0.000001165,-0.000001501,0.024999994
167,2.833333,-0.000001165,-0.000001501,0.224999994,1.000000000,0.000015552,-0.000010719,0.000000168,0.000106533,-0.000062353,-0.000212294,0.008407838,0.001077254,-0.000020426,-0.000001165,-0.000001501,0.024999994
168,2.850000,-0.000001166,-0.000001501,0.224999994,1.000000000,0.000015380,-0.000010769,0.000000159,0.000106428,-0.000062432,-0.000212274,0.008408774,0.001075171,-0.000020443,-0.000001166,-0.000001501,0.024999994
169,2.866667,-0.000001165,-0.000001501,0.224999994,0.999999940,0.000015495,-0.000010681,0.000000162,0.000106597,-0.000062339,-0.000212297,0.008407365,0.001079096,-0.000020367,-0.000001165,-0.000001501,0.024999994
170,2.883333,-0.000001163,-0.000001502,0.224999994,1.000000000,0.000015527,-0.000010694,0.000000168,0.000106566,-0.000062351,-0.000212299,0.008407854,0.001078219,-0.000020398,-0.000001163,-0.000001502,0.024999994
171,2.900000,-0.000001164,-0.000001502,0.224999994,0.999999940,0.000015539,-0.000010724,0.000000173,0.000106477,-0.000062401,-0.000212285,0.008408173,0.001076407,-0.000020433,-0.000001164,-0.000001502,0.024999994
172,2.916667,-0.000001163,-0.000001501,0.224999994,1.000000000,0.000015570,-0.000010725,0.000000166,0.000106549,-0.000062323,-0.000212298,0.008407238,0.001077734,-0.000020451,-0.000001163,-0.000001501,0.024999994
173,2.933333,-0.000001164,-0.000001501,0.224999994,1.000000000,0.000015400,-0.000010774,0.000000169,0.000106474,-0.000062407,-0.000212285,0.008408656,0.001076255,-0.000020435,-0.000001164,-0.000001501,0.024999994
174,2.950000,-0.000001164,-0.000001501,0.224999994,0.999999940,0.000015513,-0.000010681,0.000000172,0.000106509,-0.000062384,-0.000212277,0.008407883,0.001076986,-0.000020403,-0.000001164,-0.000001501,0.024999994
175,2.966667,-0.000001164,-0.000001500,0.224999994,1.000000000,0.000015522,-0.000010711,0.000000165,0.000106546,-0.000062324,-0.000212298,0.008407216,0.001077624,-0.000020452,-0.000001164,-0.000001500,0.024999994
176,2.983333,-0.000001164,-0.000001503,0.224999994,1.000000000,0.000015375,-0.000010745,0.000000157,0.000106455,-0.000062476,-0.000212285,0.008409820,0.001076361,-0.000020376,-0.000001164,-0.000001503,0.024999994
177,3.000000,-0.000001164,-0.000001502,0.224999994,0.999999940,0.000015635,-0.000010770,0.000000159,0.000106564,-0.000062330,-0.000212282,0.008407114,0.001078122,-0.000020408,-0.000001164,-0.000001502,0.024999994
178,3.016667,-0.000001162,-0.000001501,0.224999994,1.000000000,0.000015652,-0.000010788,0.000000165,0.000106573,-0.000062311,-0.000212315,0.008407403,0.001078323,-0.000020454,-0.000001162,-0.000001501,0.024999994
179,3.033333,-0.000001164,-0.000001502,0.224999994,1.000000000,0.000015339,-0.000010711,0.000000170,0.000106411,-0.000062461,-0.000212284,0.008409650,0.001074990,-0.000020443,-0.000001164,-0.000001502,0.024999994
180,3.050000,-0.000001164,-0.000001502,0.224999994,0.999999940,0.000015594,-0.000010741,0.000000159,0.000106535,-0.000062347,-0.000212273,0.008407007,0.001077508,-0.000020410,-0.000001164,-0.000001502,0.024999994
181,3.066667,-0.000001164,-0.000001501,0.224999994,1.000000000,0.000015610,-0.000010761,0.000000164,0.000106523,-0.000062361,-0.000212304,0.008408100,0.001077339,-0.000020448,-0.000001164,-0.000001501,0.024999994
182,3.083333,-0.000001165,-0.000001502,0.224999994,1.000000000,0.000015444,-0.000010804,0.000000168,0.000106419,-0.000062460,-0.000212286,0.008409536,0.001075329,-0.000020435,-0.000001165,-0.000001502,0.024999994
183,3.100000,-0.000001164,-0.000001500,0.224999994,0.999999940,0.000015536,-0.000010731,0.000000160,0.000106624,-0.000062262,-0.000212305,0.008406292,0.001079112,-0.000020433,-0.000001164,-0.000001500,0.024999994
184,3.116667,-0.000001162,-0.000001501,0.224999994,0.999999940,0.000015388,-0.000010766,0.000000176,0.000106553,-0.000062379,-0.000212300,0.008408265,0.001078296,-0.000020381,-0.000001162,-0.000001501,0.024999994
185,3.133333,-0.000001164,-0.000001501,0.224999994,1.000000000,0.000015499,-0.000010669,0.000000154,0.000106472,-0.000062380,-0.000212267,0.008407474,0.001076187,-0.000020446,-0.000001164,-0.000001501,0.024999994
186,3.150000,-0.000001164,-0.000001501,0.224999994,0.999999940,0.000015508,-0.000010702,0.000000182,0.000106482,-0.000062404,-0.000212283,0.008408464,0.001076582,-0.000020431,-0.000001164,-0.000001501,0.024999994
187,3.166667,-0.000001163,-0.000001501,0.224999994,1.000000000,0.000015540,-0.000010710,0.000000176,0.000106583,-0.000062325,-0.000212305,0.008407623,0.001078413,-0.000020409,-0.000001163,-0.000001501,0.024999994
188,3.183333,-0.000001165,-0.000001500,0.224999994,0.999999940,0.000015550,-0.000010730,0.000000167,0.000106408,-0.000062418,-0.000212270,0.008408214,0.001074930,-0.000020485,-0.000001165,-0.000001500,0.024999994
189,3.200000,-0.000001165,-0.000001502,0.224999994,0.999999940,0.000015404,-0.000010761,0.000000160,0.000106508,-0.000062434,-0.000212295,0.008409700,0.001077022,-0.000020365,-0.000001165,-0.000001502,0.024999994
190,3.216667,-0.000001164,-0.000001502,0.224999994,1.000000000,0.000015496,-0.000010695,0.000000163,0.000106554,-0.000062338,-0.000212290,0.008407278,0.001077973,-0.000020417,-0.000001164,-0.000001502,0.024999994
191,3.233333,-0.000001165,-0.000001502,0.224999994,0.999999940,0.000015526,-0.000010703,0.000000167,0.000106486,-0.000062397,-0.000212278,0.008408262,0.001076535,-0.000020427,-0.000001165,-0.000001502,0.024999994
192,3.250000,-0.000001165,-0.000001500,0.224999994,1.000000000,0.000015533,-0.000010731,0.000000172,0.000106498,-0.000062352,-0.000212284,0.008407465,0.001076461,-0.000020459,-0.000001165,-0.000001500,0.024999994
193,3.266667,-0.000001164,-0.000001501,0.224999994,1.000000000,0.000015384,-0.000010764,0.000000176,0.000106568,-0.000062357,-0.000212305,0.008408200,0.001078230,-0.000020391,-0.000001164,-0.000001501,0.024999994
194,3.283333,-0.000001163,-0.000001501,0.224999994,0.999999940,0.000015498,-0.000010674,0.000000167,0.000106554,-0.000062352,-0.000212284,0.008407268,0.001078147,-0.000020392,-0.000001163,-0.000001501,0.024999994
195,3.300000,-0.000001165,-0.000001500,0.224999994,1.000000000,0.000015505,-0.000010703,0.000000171,0.000106445,-0.000062396,-0.000212270,0.008408057,0.001075362,-0.000020461,-0.000001165,-0.000001500,0.024999994
196,3.316667,-0.000001165,-0.000001501,0.224999994,0.999999940,0.000015537,-0.000010707,0.000000152,0.000106488,-0.000062401,-0.000212286,0.008408437,0.001076631,-0.000020420,-0.000001165,-0.000001501,0.024999994
197,3.333333,-0.000001163,-0.000001499,0.224999994,1.000000000,0.000015549,-0.000010739,0.000000170,0.000106629,-0.000062279,-0.000212317,0.008407168,0.001079233,-0.000020424,-0.000001163,-0.000001499,0.024999994
198,3.350000,-0.000001164,-0.000001502,0.224999994,1.000000000,0.000015403,-0.000010761,0.000000162,0.000106407,-0.000062483,-0.000212274,0.008409935,0.001074962,-0.000020417,-0.000001164,-0.000001502,0.024999994
199,3.366667,-0.000001166,-0.000001501,0.224999994,0.999999940,0.000015493,-0.000010689,0.000000163,0.000106473,-0.000062385,-0.000212268,0.008407628,0.001076123,-0.000020437,-0.000001166,-0.000001501,0.024999994
200,3.383333,-0.000001163,-0.000001501,0.224999994,1.000000000,0.000015527,-0.000010705,0.000000158,0.000106621,-0.000062327,-0.000212309,0.008407633,0.001079609,-0.000020372,-0.000001163,-0.000001501,0.024999994
201,3.400000,-0.000001165,-0.000001502,0.224999994,0.999999940,0.000015537,-0.000010732,0.000000174,0.000106428,-0.000062427,-0.000212274,0.008408386,0.001075422,-0.000020452,-0.000001165,-0.000001502,0.024999994
202,3.416667,-0.000001164,-0.000001501,0.224999994,1.000000000,0.000015571,-0.000010733,0.000000155,0.000106537,-0.000062356,-0.000212301,0.008408008,0.001077464,-0.000020424,-0.000001164,-0.000001501,0.024999994
203,3.433333,-0.000001165,-0.000001502,0.224999994,1.000000000,0.000015401,-0.000010782,0.000000159,0.000106473,-0.000062407,-0.000212288,0.008408889,0.001076153,-0.000020439,-0.000001165,-0.000001502,0.024999994
204,3.450000,-0.000001165,-0.000001502,0.224999994,0.999999940,0.000015514,-0.000010689,0.000000161,0.000106508,-0.000062383,-0.000212275,0.008407678,0.001076995,-0.000020400,-0.000001165,-0.000001502,0.024999994
205,3.466667,-0.000001164,-0.000001501,0.224999994,1.000000000,0.000015523,-0.000010722,0.000000167,0.000106583,-0.000062307,-0.000212305,0.008407172,0.001078342,-0.000020439,-0.000001164,-0.000001501,0.024999994
206,3.483333,-0.000001164,-0.000001501,0.224999994,0.999999940,0.000015557,-0.000010722,0.000000171,0.000106477,-0.000062400,-0.000212284,0.008408548,0.001076163,-0.000020431,-0.000001164,-0.000001501,0.024999994
207,3.500000,-0.000001164,-0.000001501,0.224999994,1.000000000,0.000015570,-0.000010749,0.000000177,0.000106529,-0.000062359,-0.000212296,0.008407912,0.001077337,-0.000020433,-0.000001164,-0.000001501,0.024999994
208,3.516667,-0.000001165,-0.000001501,0.224999994,1.000000000,0.000015399,-0.000010796,0.000000168,0.000106437,-0.000062425,-0.000212281,0.008408753,0.001075590,-0.000020455,-0.000001165,-0.000001501,0.024999994
209,3.533333,-0.000001163,-0.000001500,0.224999994,0.999999940,0.000015515,-0.000010706,0.000000172,0.000106648,-0.000062291,-0.000212303,0.008406894,0.001080038,-0.000020376,-0.000001163,-0.000001500,0.024999994
210,3.550000,-0.000001164,-0.000001502,0.224999994,0.999999940,0.000015363,-0.000010735,0.000000175,0.000106422,-0.000062448,-0.000212267,0.008409013,0.001075214,-0.000020428,-0.000001164,-0.000001502,0.024999994
211,3.566667,-0.000001164,-0.000001502,0.224999994,1.000000000,0.000015623,-0.000010765,0.000000165,0.000106559,-0.000062355,-0.000212281,0.008407632,0.001077970,-0.000020375,-0.000001164,-0.000001502,0.024999994
212,3.583333,-0.000001164,-0.000001502,0.224999994,1.000000000,0.000015308,-0.000010694,0.000000169,0.000106466,-0.000062412,-0.000212296,0.008408901,0.001076001,-0.000020444,-0.000001164,-0.000001502,0.024999994
213,3.600000,-0.000001165,-0.000001501,0.224999994,0.999999940,0.000015559,-0.000010727,0.000000169,0.000106542,-0.000062322,-0.000212267,0.008406557,0.001077393,-0.000020427,-0.000001165,-0.000001501,0.024999994
214,3.616667,-0.000001165,-0.000001500,0.224999994,1.000000000,0.000015570,-0.000010752,0.000000163,0.000106487,-0.000062376,-0.000212288,0.008408008,0.001076433,-0.000020452,-0.000001165,-0.000001500,0.024999994
215,3.633333,-0.000001163,-0.000001503,0.224999994,1.000000000,0.000015430,-0.000010786,0.000000169,0.000106575,-0.000062416,-0.000212315,0.008409627,0.001078682,-0.000020319,-0.000001163,-0.000001503,0.024999994
216,3.650000,-0.000001165,-0.000001502,0.224999994,0.999999940,0.000015519,-0.000010708,0.000000170,0.000106435,-0.000062378,-0.000212263,0.008407205,0.001075292,-0.000020488,-0.000001165,-0.000001502,0.024999994
217,3.666667,-0.000001163,-0.000001501,0.224999994,1.000000000,0.000015551,-0.000010719,0.000000176,0.000106623,-0.000062307,-0.000212309,0.008407444,0.001079302,-0.000020388,-0.000001163,-0.000001501,0.024999994
218,3.683333,-0.000001165,-0.000001502,0.224999994,0.999999940,0.000015563,-0.000010739,0.000000156,0.000106387,-0.000062449,-0.000212263,0.008408889,0.001074203,-0.000020466,-0.000001165,-0.000001502,0.024999994
219,3.700000,-0.000001164,-0.000001500,0.224999994,1.000000000,0.000015576,-0.000010764,0.000000162,0.000106583,-0.000062313,-0.000212311,0.008407700,0.001078313,-0.000020436,-0.000001164,-0.000001500,0.024999994
220,3.716667,-0.000001164,-0.000001502,0.224999994,1.000000000,0.000015433,-0.000010785,0.000000166,0.000106453,-0.000062457,-0.000212288,0.008409721,0.001076073,-0.000020405,-0.000001164,-0.000001502,0.024999994
221,3.733333,-0.000001165,-0.000001501,0.224999994,0.999999940,0.000015524,-0.000010712,0.000000168,0.000106524,-0.000062335,-0.000212282,0.008407081,0.001077141,-0.000020449,-0.000001165,-0.000001501,0.024999994
222,3.750000,-0.000001165,-0.000001500,0.224999994,1.000000000,0.000015555,-0.000010718,0.000000173,0.000106534,-0.000062352,-0.000212291,0.008407684,0.001077537,-0.000020432,-0.000001165,-0.000001500,0.024999994
223,3.766667,-0.000001165,-0.000001501,0.224999994,1.000000000,0.000015383,-0.000010770,0.000000153,0.000106477,-0.000062403,-0.000212290,0.008408531,0.001076392,-0.000020429,-0.000001165,-0.000001501,0.024999994
224,3.783333,-0.000001166,-0.000001501,0.224999994,0.999999940,0.000015496,-0.000010677,0.000000155,0.000106510,-0.000062383,-0.000212278,0.008407810,0.001077050,-0.000020400,-0.000001166,-0.000001501,0.024999994
225,3.800000,-0.000001162,-0.000001502,0.224999994,1.000000000,0.000015531,-0.000010696,0.000000163,0.000106654,-0.000062308,-0.000212317,0.008407576,0.001080140,-0.000020360,-0.000001162,-0.000001502,0.024999994
